/*
 Navicat Premium Data Transfer

 Source Server         : MySQL
 Source Server Type    : MySQL
 Source Server Version : 50726
 Source Host           : 127.0.0.1:3306
 Source Schema         : elight

 Target Server Type    : MySQL
 Target Server Version : 50726
 File Encoding         : 65001

 Date: 03/05/2022 10:26:17
*/

SET NAMES utf8mb4;
SET FOREIGN_KEY_CHECKS = 0;

-- ----------------------------
-- Table structure for sys_item
-- ----------------------------
DROP TABLE IF EXISTS `sys_item`;
CREATE TABLE `sys_item`  (
  `Id` varchar(20) CHARACTER SET utf8 COLLATE utf8_general_ci NOT NULL COMMENT '主键',
  `EnCode` varchar(50) CHARACTER SET utf8 COLLATE utf8_general_ci NULL DEFAULT NULL COMMENT '编码',
  `ParentId` varchar(20) CHARACTER SET utf8 COLLATE utf8_general_ci NULL DEFAULT NULL,
  `Name` varchar(50) CHARACTER SET utf8 COLLATE utf8_general_ci NULL DEFAULT NULL COMMENT '名称',
  `Layer` int(11) NULL DEFAULT NULL COMMENT '层次',
  `SortCode` int(11) NULL DEFAULT NULL COMMENT '排序码',
  `IsTree` char(1) CHARACTER SET utf8 COLLATE utf8_general_ci NULL DEFAULT NULL COMMENT '是否树形菜单',
  `DeleteMark` char(1) CHARACTER SET utf8 COLLATE utf8_general_ci NULL DEFAULT NULL COMMENT '删除标记',
  `IsEnabled` char(1) CHARACTER SET utf8 COLLATE utf8_general_ci NULL DEFAULT NULL COMMENT '是否启用',
  `Remark` varchar(500) CHARACTER SET utf8 COLLATE utf8_general_ci NULL DEFAULT NULL COMMENT '备注',
  `CreateUser` varchar(50) CHARACTER SET utf8 COLLATE utf8_general_ci NULL DEFAULT NULL COMMENT '创建人',
  `CreateTime` datetime(0) NULL DEFAULT NULL COMMENT '创建时间',
  `ModifyUser` varchar(50) CHARACTER SET utf8 COLLATE utf8_general_ci NULL DEFAULT NULL COMMENT '修改人',
  `ModifyTime` datetime(0) NULL DEFAULT NULL COMMENT '修改时间',
  PRIMARY KEY (`Id`) USING BTREE
) ENGINE = InnoDB CHARACTER SET = utf8 COLLATE = utf8_general_ci ROW_FORMAT = Dynamic;

-- ----------------------------
-- Records of sys_item
-- ----------------------------
INSERT INTO `sys_item` VALUES ('305206918438326272', 'all_items', '0', '数据字典', 0, 0, NULL, '0', '1', NULL, 'admin', '2017-05-13 19:14:25', 'admin', '2017-05-13 19:14:25');
INSERT INTO `sys_item` VALUES ('305206918484463616', 'role_type', '305206918438326272', '角色类型', 1, 1, NULL, '0', '1', NULL, 'admin', '2017-05-13 19:14:25', 'admin', '2017-05-13 19:14:25');
INSERT INTO `sys_item` VALUES ('305206918669012992', 'org_type', '305206918438326272', '机构类型', 1, 2, NULL, '0', '1', NULL, 'admin', '2017-05-13 19:14:25', 'admin', '2017-05-13 19:14:25');
INSERT INTO `sys_item` VALUES ('305206918899699712', 'xueli', '305206918438326272', '学历', 1, 3, NULL, '0', '1', NULL, 'admin', '2017-05-13 19:14:25', 'admin', '2017-05-13 19:14:25');
INSERT INTO `sys_item` VALUES ('305206919314935808', 'hunyin', '305206918438326272', '婚姻', 1, 4, NULL, '0', '1', NULL, 'admin', '2017-05-13 19:14:25', 'admin', '2017-05-13 19:14:25');

-- ----------------------------
-- Table structure for sys_itemsdetail
-- ----------------------------
DROP TABLE IF EXISTS `sys_itemsdetail`;
CREATE TABLE `sys_itemsdetail`  (
  `Id` varchar(20) CHARACTER SET utf8 COLLATE utf8_general_ci NOT NULL COMMENT '主键',
  `ItemId` varchar(20) CHARACTER SET utf8 COLLATE utf8_general_ci NULL DEFAULT NULL COMMENT '父级',
  `EnCode` varchar(50) CHARACTER SET utf8 COLLATE utf8_general_ci NULL DEFAULT NULL COMMENT '编码',
  `Name` varchar(50) CHARACTER SET utf8 COLLATE utf8_general_ci NULL DEFAULT NULL COMMENT '选项名称',
  `IsDefault` char(1) CHARACTER SET utf8 COLLATE utf8_general_ci NULL DEFAULT NULL COMMENT '是否默认',
  `SortCode` int(11) NULL DEFAULT NULL COMMENT '排序码',
  `DeleteMark` char(1) CHARACTER SET utf8 COLLATE utf8_general_ci NULL DEFAULT NULL COMMENT '删除标记',
  `IsEnabled` char(1) CHARACTER SET utf8 COLLATE utf8_general_ci NULL DEFAULT NULL COMMENT '是否启用',
  `CreateUser` varchar(50) CHARACTER SET utf8 COLLATE utf8_general_ci NULL DEFAULT NULL COMMENT '创建人',
  `CreateTime` datetime(0) NULL DEFAULT NULL COMMENT '创建时间',
  `ModifyUser` varchar(50) CHARACTER SET utf8 COLLATE utf8_general_ci NULL DEFAULT NULL COMMENT '修改人',
  `ModifyTime` datetime(0) NULL DEFAULT NULL COMMENT '修改时间',
  PRIMARY KEY (`Id`) USING BTREE
) ENGINE = InnoDB CHARACTER SET = utf8 COLLATE = utf8_general_ci ROW_FORMAT = Dynamic;

-- ----------------------------
-- Records of sys_itemsdetail
-- ----------------------------
INSERT INTO `sys_itemsdetail` VALUES ('305206918530600960', '305206918484463616', 'role-business', '业务角色', '1', 2, '0', '1', 'admin', '2017-07-12 11:00:47', 'admin', '2017-07-12 11:00:47');
INSERT INTO `sys_itemsdetail` VALUES ('305206918576738304', '305206918484463616', 'role-system', '系统角色', '0', 1, '0', '1', 'admin', '2017-07-12 11:00:47', 'admin', '2017-07-12 11:00:47');
INSERT INTO `sys_itemsdetail` VALUES ('305206918622875648', '305206918484463616', 'role-other', '其他角色', '0', 3, '0', '1', 'admin', '2017-07-12 11:00:47', 'admin', '2017-07-12 11:00:47');
INSERT INTO `sys_itemsdetail` VALUES ('305206918715150336', '305206918669012992', 'org-team', '小组', '0', 4, '0', '1', 'admin', '2017-07-12 11:00:47', 'admin', '2017-07-12 11:00:47');
INSERT INTO `sys_itemsdetail` VALUES ('305206918761287680', '305206918669012992', 'org-child-dept', '子部门', '0', 3, '0', '1', 'admin', '2017-07-12 11:00:41', 'admin', '2017-07-12 11:00:41');
INSERT INTO `sys_itemsdetail` VALUES ('305206918807425024', '305206918669012992', 'org-company', '公司', '1', 1, '0', '1', 'admin', '2017-07-12 11:00:47', 'admin', '2017-07-12 11:00:47');
INSERT INTO `sys_itemsdetail` VALUES ('305206918853562368', '305206918669012992', 'org-department', '部门', '0', 2, '0', '1', 'admin', '2017-07-12 11:00:47', 'admin', '2017-07-12 11:00:47');
INSERT INTO `sys_itemsdetail` VALUES ('305206918945837056', '305206918899699712', 'shuoshi', '硕士', '0', 7, '0', '1', 'admin', '2017-04-29 16:49:54', 'admin', '2017-04-29 16:49:54');
INSERT INTO `sys_itemsdetail` VALUES ('305206918991974400', '305206918899699712', 'xiaoxue', '小学及以下', '0', 1, '0', '1', 'admin', '2017-04-29 16:44:34', 'admin', '2017-04-29 16:50:16');
INSERT INTO `sys_itemsdetail` VALUES ('305206919038111744', '305206918899699712', 'benke', '本科', '1', 5, '0', '1', 'admin', '2017-04-29 16:46:24', 'admin', '2017-04-29 16:50:26');
INSERT INTO `sys_itemsdetail` VALUES ('305206919084249088', '305206918899699712', 'chuzhong', '初中', '0', 2, '0', '1', 'admin', '2017-04-29 16:44:56', 'admin', '2017-04-29 16:44:56');
INSERT INTO `sys_itemsdetail` VALUES ('305206919130386432', '305206918899699712', 'dazhuan', '大专', '0', 4, '0', '1', 'admin', '2017-04-29 16:45:27', 'admin', '2017-04-29 16:45:27');
INSERT INTO `sys_itemsdetail` VALUES ('305206919176523776', '305206918899699712', 'yanjiusheng', '研究生', '0', 6, '0', '1', 'admin', '2017-04-29 16:46:46', 'admin', '2017-04-29 16:46:46');
INSERT INTO `sys_itemsdetail` VALUES ('305206919222661120', '305206918899699712', 'gaozhong', '高中', '0', 3, '0', '1', 'admin', '2017-04-29 16:45:07', 'admin', '2017-04-29 16:45:07');
INSERT INTO `sys_itemsdetail` VALUES ('305206919268798464', '305206918899699712', 'boshi', '博士', '0', 8, '0', '1', 'admin', '2017-04-29 16:50:10', 'admin', '2017-09-11 15:32:24');
INSERT INTO `sys_itemsdetail` VALUES ('305206919361073152', '305206919314935808', 'weihun', '未婚', '0', 1, '0', '1', 'admin', '2017-09-11 15:32:42', 'admin', '2017-09-11 15:32:42');
INSERT INTO `sys_itemsdetail` VALUES ('305206919407210496', '305206919314935808', 'yihun', '已婚', '0', 2, '0', '1', 'admin', '2017-09-11 15:32:51', 'admin', '2017-09-11 15:32:51');

-- ----------------------------
-- Table structure for sys_log
-- ----------------------------
DROP TABLE IF EXISTS `sys_log`;
CREATE TABLE `sys_log`  (
  `Id` bigint(20) NOT NULL,
  `Type` varchar(50) CHARACTER SET utf8 COLLATE utf8_general_ci NULL DEFAULT NULL,
  `ThreadId` int(11) NULL DEFAULT NULL,
  `Message` varchar(5000) CHARACTER SET utf8 COLLATE utf8_general_ci NULL DEFAULT NULL,
  `CreateTime` datetime(3) NULL DEFAULT NULL,
  PRIMARY KEY (`Id`) USING BTREE
) ENGINE = InnoDB CHARACTER SET = utf8 COLLATE = utf8_general_ci ROW_FORMAT = Dynamic;

-- ----------------------------
-- Records of sys_log
-- ----------------------------

-- ----------------------------
-- Table structure for sys_organize
-- ----------------------------
DROP TABLE IF EXISTS `sys_organize`;
CREATE TABLE `sys_organize`  (
  `Id` varchar(20) CHARACTER SET utf8 COLLATE utf8_general_ci NOT NULL COMMENT '主键',
  `ParentId` varchar(20) CHARACTER SET utf8 COLLATE utf8_general_ci NULL DEFAULT NULL COMMENT '父级',
  `Layer` int(11) NULL DEFAULT NULL COMMENT '层次',
  `EnCode` varchar(50) CHARACTER SET utf8 COLLATE utf8_general_ci NULL DEFAULT NULL COMMENT '编码',
  `FullName` varchar(50) CHARACTER SET utf8 COLLATE utf8_general_ci NULL DEFAULT NULL COMMENT '全称',
  `Type` int(11) NULL DEFAULT NULL COMMENT '分类',
  `ManagerId` varchar(50) CHARACTER SET utf8 COLLATE utf8_general_ci NULL DEFAULT NULL COMMENT '负责人',
  `TelePhone` varchar(50) CHARACTER SET utf8 COLLATE utf8_general_ci NULL DEFAULT NULL COMMENT '固话',
  `WeChat` varchar(50) CHARACTER SET utf8 COLLATE utf8_general_ci NULL DEFAULT NULL COMMENT '微信',
  `Fax` varchar(50) CHARACTER SET utf8 COLLATE utf8_general_ci NULL DEFAULT NULL COMMENT '传真',
  `Email` varchar(50) CHARACTER SET utf8 COLLATE utf8_general_ci NULL DEFAULT NULL COMMENT '邮箱',
  `Address` varchar(50) CHARACTER SET utf8 COLLATE utf8_general_ci NULL DEFAULT NULL COMMENT '地址',
  `SortCode` int(11) NULL DEFAULT NULL COMMENT '排序码',
  `DeleteMark` char(1) CHARACTER SET utf8 COLLATE utf8_general_ci NULL DEFAULT NULL COMMENT '删除标记',
  `IsEnabled` char(1) CHARACTER SET utf8 COLLATE utf8_general_ci NULL DEFAULT NULL COMMENT '是否启用',
  `Remark` varchar(500) CHARACTER SET utf8 COLLATE utf8_general_ci NULL DEFAULT NULL COMMENT '备注',
  `CreateUser` varchar(50) CHARACTER SET utf8 COLLATE utf8_general_ci NULL DEFAULT NULL COMMENT '创建人',
  `CreateTime` datetime(0) NULL DEFAULT NULL COMMENT '创建时间',
  `ModifyUser` varchar(50) CHARACTER SET utf8 COLLATE utf8_general_ci NULL DEFAULT NULL COMMENT '修改人',
  `ModifyTime` datetime(0) NULL DEFAULT NULL COMMENT '修改时间',
  PRIMARY KEY (`Id`) USING BTREE
) ENGINE = InnoDB CHARACTER SET = utf8 COLLATE = utf8_general_ci ROW_FORMAT = Dynamic;

-- ----------------------------
-- Records of sys_organize
-- ----------------------------
INSERT INTO `sys_organize` VALUES ('305206919453347840', '0', NULL, 'company', 'xx', 0, 'aa', NULL, NULL, NULL, 'aa@qq.com', NULL, 10, '0', '1', NULL, 'admin', '2018-04-04 11:44:34', 'admin', '2018-04-04 11:42:34');
INSERT INTO `sys_organize` VALUES ('305206919499485184', '305206919453347840', NULL, 'market', '市场部', 1, NULL, NULL, NULL, NULL, NULL, NULL, 20, '0', '1', NULL, 'admin', '2018-04-04 11:44:34', 'admin', '2018-04-04 11:44:34');
INSERT INTO `sys_organize` VALUES ('305206919545622528', '305206919453347840', NULL, 'product', '产品事业部', 1, NULL, NULL, NULL, NULL, NULL, NULL, 30, '0', '1', NULL, 'admin', '2018-04-04 11:44:34', 'admin', '2018-04-04 11:44:12');
INSERT INTO `sys_organize` VALUES ('305206919591759872', '305206919453347840', NULL, 'administration', '行政人事部', 1, NULL, NULL, NULL, NULL, NULL, NULL, 40, '0', '1', NULL, 'admin', '2018-04-04 11:44:34', 'admin', '2018-04-04 11:44:43');
INSERT INTO `sys_organize` VALUES ('305206919637897216', '305206919453347840', NULL, 'financial', '财务部', 1, NULL, NULL, NULL, NULL, NULL, NULL, 50, '0', '1', NULL, 'admin', '2018-04-04 11:44:34', 'admin', '2018-04-04 11:44:47');
INSERT INTO `sys_organize` VALUES ('305206919684034560', '305206919453347840', NULL, 'afterSale', '售后部', 1, NULL, NULL, NULL, NULL, NULL, NULL, 70, '0', '1', NULL, 'admin', '2018-04-04 11:44:34', 'admin', '2018-04-04 11:44:40');
INSERT INTO `sys_organize` VALUES ('305206919730171904', '305206919453347840', NULL, 'project', '项目部', 1, NULL, NULL, NULL, NULL, NULL, NULL, 80, '0', '1', NULL, 'admin', '2018-04-04 11:44:34', 'admin', '2018-04-04 11:44:50');
INSERT INTO `sys_organize` VALUES ('305215866176409600', '305206919453347840', NULL, 'development', '研发部', 1, '周某', '18800000000', 'admin', '0512-65000000', 'admin@qq.com', '苏州某街道', 90, '0', '1', NULL, 'admin', '2022-04-22 13:38:53', 'admin', '2022-04-22 13:38:53');

-- ----------------------------
-- Table structure for sys_permission
-- ----------------------------
DROP TABLE IF EXISTS `sys_permission`;
CREATE TABLE `sys_permission`  (
  `Id` varchar(20) CHARACTER SET utf8 COLLATE utf8_general_ci NOT NULL COMMENT '主键',
  `ParentId` varchar(20) CHARACTER SET utf8 COLLATE utf8_general_ci NULL DEFAULT NULL COMMENT '父级',
  `Layer` int(11) NULL DEFAULT NULL COMMENT '层次',
  `EnCode` varchar(50) CHARACTER SET utf8 COLLATE utf8_general_ci NULL DEFAULT NULL,
  `Name` varchar(50) CHARACTER SET utf8 COLLATE utf8_general_ci NULL DEFAULT NULL COMMENT '名称',
  `JsEvent` varchar(50) CHARACTER SET utf8 COLLATE utf8_general_ci NULL DEFAULT NULL COMMENT '事件',
  `Icon` varchar(50) CHARACTER SET utf8 COLLATE utf8_general_ci NULL DEFAULT NULL COMMENT '图标',
  `SymbolIndex` int(11) NULL DEFAULT NULL,
  `Url` varchar(300) CHARACTER SET utf8 COLLATE utf8_general_ci NULL DEFAULT NULL COMMENT '链接',
  `Remark` varchar(500) CHARACTER SET utf8 COLLATE utf8_general_ci NULL DEFAULT NULL COMMENT '备注',
  `Type` int(11) NULL DEFAULT NULL COMMENT '模块类型：2主菜单 0-子菜单 1-按钮',
  `SortCode` int(11) NULL DEFAULT NULL COMMENT '排序码',
  `IsPublic` char(1) CHARACTER SET utf8 COLLATE utf8_general_ci NULL DEFAULT '0' COMMENT '是否公开',
  `IsEnable` char(1) CHARACTER SET utf8 COLLATE utf8_general_ci NULL DEFAULT '1' COMMENT '是否可用',
  `IsEdit` char(1) CHARACTER SET utf8 COLLATE utf8_general_ci NULL DEFAULT '1' COMMENT '允许编辑',
  `DeleteMark` char(1) CHARACTER SET utf8 COLLATE utf8_general_ci NULL DEFAULT '0',
  `CreateUser` varchar(50) CHARACTER SET utf8 COLLATE utf8_general_ci NULL DEFAULT NULL COMMENT '创建人',
  `CreateTime` datetime(0) NULL DEFAULT NULL COMMENT '创建时间',
  `ModifyUser` varchar(50) CHARACTER SET utf8 COLLATE utf8_general_ci NULL DEFAULT NULL COMMENT '修改人',
  `ModifyTime` datetime(0) NULL DEFAULT NULL COMMENT '修改时间',
  PRIMARY KEY (`Id`) USING BTREE
) ENGINE = InnoDB CHARACTER SET = utf8 COLLATE = utf8_general_ci ROW_FORMAT = Dynamic;

-- ----------------------------
-- Records of sys_permission
-- ----------------------------
INSERT INTO `sys_permission` VALUES ('305206895470317568', '0', 0, 'sys-manager', '系统管理', NULL, 'fa fa-cubes', 61875, NULL, NULL, 2, 10000, '0', '1', '1', '0', 'admin', NULL, 'admin', NULL);
INSERT INTO `sys_permission` VALUES ('305206895512260608', '305206895470317568', 1, 'sys-user', '系统用户', NULL, 'fa fa-user', 61447, '/system/user/index', NULL, 0, 10100, '0', '1', '1', '0', 'admin', NULL, 'admin', '2017-09-14 13:51:29');
INSERT INTO `sys_permission` VALUES ('305206895554203648', '305206895512260608', 2, 'user-add', '新增用户', 'btn_add()', 'fa fa-plus-square-o', 61846, '/system/user/form', NULL, 1, 10101, '0', '1', '1', '0', 'admin', '2017-03-28 16:14:58', 'admin', '2017-03-28 16:14:58');
INSERT INTO `sys_permission` VALUES ('305206895600340992', '305206895512260608', 2, 'user-edit', '修改用户', 'btn_edit()', 'fa fa-edit', 61508, '/system/user/edit', NULL, 1, 10102, '0', '1', '1', '0', 'admin', '2017-04-14 17:21:44', 'admin', '2017-06-05 10:48:08');
INSERT INTO `sys_permission` VALUES ('305206895646478336', '305206895512260608', 2, 'user-delete', '删除用户', 'btn_delete()', 'fa fa-trash-o', 61460, '/system/user/delete', NULL, 1, 10103, '0', '1', '1', '0', 'admin', '2017-03-28 16:18:25', 'admin', '2017-03-28 16:18:25');
INSERT INTO `sys_permission` VALUES ('305206895692615680', '305206895512260608', 2, 'user-detail', '查看用户', 'btn_detail()', 'fa fa-eye', 61550, '/system/user/detail', NULL, 1, 10104, '0', '1', '1', '0', 'admin', '2017-03-28 16:20:18', 'admin', '2017-03-28 16:20:18');
INSERT INTO `sys_permission` VALUES ('305206895692615681', '305206895512260608', 2, 'reset_password', '重置密码', 'btn_reset()', 'fa fa-unlock-alt', 61758, '/system/user/reset', NULL, 1, 10105, '0', '1', '1', '0', 'admin', '2017-03-28 16:20:18.000', 'admin', '2022-05-23 09:31:57.874');
INSERT INTO `sys_permission` VALUES ('305206895734558720', '305206895470317568', 1, 'sys-permission', '权限管理', NULL, 'fa fa-suitcase', 61682, '/system/permission/index', NULL, 0, 10200, '0', '1', '1', '0', 'admin', NULL, 'admin', '2017-03-28 16:58:51');
INSERT INTO `sys_permission` VALUES ('305206895780696064', '305206895734558720', 2, 'per-add', '新增权限', 'btn_add()', 'fa fa-plus-square-o', 61846, '/system/permission/form', NULL, 1, 10201, '0', '1', '1', '0', 'admin', '2017-02-13 14:28:22', 'admin', NULL);
INSERT INTO `sys_permission` VALUES ('305206895822639104', '305206895734558720', 2, 'per-edit', '修改权限', 'btn_edit()', 'fa fa-edit', 61508, '/system/permission/form', NULL, 1, 10202, '0', '1', '1', '0', 'admin', '2017-02-20 09:47:19', 'admin', NULL);
INSERT INTO `sys_permission` VALUES ('305206895864582144', '305206895734558720', 2, 'per-delete', '删除权限', 'btn_delete()', 'fa fa-trash-o', 61460, '/system/permission/delete', NULL, 1, 10203, '0', '1', '1', '0', 'admin', '2017-02-20 09:51:19', 'admin', NULL);
INSERT INTO `sys_permission` VALUES ('305206895910719488', '305206895734558720', 2, 'per-detail', '查看权限', 'btn_detail()', 'fa fa-eye', 61550, '/system/permission/detail', NULL, 1, 10204, '0', '1', '1', '0', 'admin', '2017-03-28 16:22:06', 'admin', '2017-03-28 16:22:06');
INSERT INTO `sys_permission` VALUES ('305206895956856832', '305206895470317568', 1, 'sys-role', '角色管理', NULL, 'fa fa-users', 61632, '/system/role/index', NULL, 0, 10300, '0', '1', '1', '0', 'admin', '2017-03-28 16:27:50', 'admin', '2017-09-14 13:52:18');
INSERT INTO `sys_permission` VALUES ('305206896002994176', '305206895956856832', 2, 'role-add', '新增角色', 'btn_add()', 'fa fa-plus-square-o', 61846, '/system/role/form', NULL, 1, 10301, '0', '1', '1', '0', 'admin', '2017-03-28 16:30:21', 'admin', '2017-03-28 16:30:21');
INSERT INTO `sys_permission` VALUES ('305206896049131520', '305206895956856832', 2, 'role-edit', '修改角色', 'btn_edit()', 'fa fa-edit', 61508, '/system/role/form', NULL, 1, 10302, '0', '1', '1', '0', 'admin', '2017-03-28 16:31:11', 'admin', '2017-03-28 16:31:11');
INSERT INTO `sys_permission` VALUES ('305206896095268864', '305206895956856832', 2, 'role-delete', '删除角色', 'btn_delete()', 'fa fa-trash-o', 61460, '/system/role/delete', NULL, 1, 10303, '0', '1', '1', '0', 'admin', '2017-03-28 16:32:44', 'admin', '2017-03-28 16:32:44');
INSERT INTO `sys_permission` VALUES ('305206896141406208', '305206895956856832', 2, 'role-detail', '查看角色', 'btn_detail()', 'fa fa-eye', 61550, '/system/role/detail', NULL, 1, 10304, '0', '1', '1', '0', 'admin', '2017-03-28 16:34:05', 'admin', '2017-03-28 16:34:05');
INSERT INTO `sys_permission` VALUES ('305206896183349248', '305206895956856832', 2, 'role-authorize', '角色授权', 'btn_authorize()', 'fa fa-hand-pointer-o', 62042, '/system/roleAuthorize/index', NULL, 1, 10305, '0', '1', '1', '0', 'admin', '2017-03-28 16:36:43', 'admin', '2017-03-28 16:36:43');
INSERT INTO `sys_permission` VALUES ('305206896229486592', '305206895470317568', 1, 'sys-organize', '组织机构', NULL, 'fa fa-building', 61869, '/system/organize/index', NULL, 0, 10400, '0', '1', '1', '0', 'admin', '2017-04-02 09:31:01', 'admin', '2017-09-14 13:56:08');
INSERT INTO `sys_permission` VALUES ('305206896275623936', '305206896229486592', 2, 'org-add', '新增机构', 'btn_add()', 'fa fa-plus-square-o', 61846, '/system/organize/form', NULL, 1, 10401, '0', '1', '1', '0', 'admin', '2017-04-02 09:37:48', 'admin', '2017-04-02 09:37:48');
INSERT INTO `sys_permission` VALUES ('305206896321761280', '305206896229486592', 2, 'org-edit', '修改机构', 'btn_edit()', 'fa fa-edit', 61508, '/system/organize/form', NULL, 1, 10402, '0', '1', '1', '0', 'admin', '2017-04-02 09:38:32', 'admin', '2017-04-02 09:38:32');
INSERT INTO `sys_permission` VALUES ('305206896367898624', '305206896229486592', 2, 'org-delete', '删除机构', 'btn_delete()', 'fa fa-trash-o', 61460, '/system/organize/delete', NULL, 1, 10403, '0', '1', '1', '0', 'admin', '2017-04-02 09:45:56', 'admin', '2017-04-02 09:45:56');
INSERT INTO `sys_permission` VALUES ('305206896414035968', '305206896229486592', 2, 'org-detail', '查看机构', 'btn_detail()', 'fa fa-eye', 61550, '/system/organize/detail', NULL, 1, 10404, '0', '1', '1', '0', 'admin', '2017-04-02 09:47:18', 'admin', '2017-04-02 09:47:18');
INSERT INTO `sys_permission` VALUES ('305206896460173312', '305206895470317568', 1, 'lay-item', '数据字典', NULL, 'fa fa-sitemap', 61672, '/system/itemsDetail/index', NULL, 0, 10500, '0', '1', '1', '0', 'admin', '2017-04-03 15:33:03', 'admin', '2017-04-03 15:33:03');
INSERT INTO `sys_permission` VALUES ('305206896506310656', '305206896460173312', 2, 'item-manage', '字典管理', 'btn_manage()', 'fa fa-folder-open-o', 61717, '/system/item/index', NULL, 1, 10501, '0', '1', '1', '0', 'admin', '2017-04-03 21:30:55', 'admin', '2017-04-04 10:48:53');
INSERT INTO `sys_permission` VALUES ('305206896552448000', '305206896460173312', 2, 'item-add', '新增选项', 'btn_add()', 'fa fa-plus-square-o', 61846, '/system/itemsDetail/form', NULL, 1, 10502, '0', '1', '1', '0', 'admin', '2017-04-04 19:46:18', 'admin', '2017-04-04 19:46:51');
INSERT INTO `sys_permission` VALUES ('305206896598585344', '305206896460173312', 2, 'item-edit', '修改选项', 'btn_edit()', 'fa fa-edit', 61508, '/system/itemsDetail/form', NULL, 0, 10503, '0', '1', '1', '0', 'admin', '2017-04-04 20:05:36', 'admin', '2017-04-04 20:05:36');
INSERT INTO `sys_permission` VALUES ('305206896644722688', '305206896460173312', 2, 'item-delete', '删除选项', 'btn_delete()', 'fa fa-trash-o', 61460, '/system/itemsDetail/delete', NULL, 1, 10504, '0', '1', '1', '0', 'admin', '2017-04-04 20:06:35', 'admin', '2017-04-04 20:17:29');
INSERT INTO `sys_permission` VALUES ('305206896690860032', '305206896460173312', 2, 'item-detail', '查看选项', 'btn_detail()', 'fa fa-eye', 61550, '/system/itemsDetail/detail', NULL, 1, 10505, '0', '1', '1', '0', 'admin', '2017-04-04 20:16:02', 'admin', '2017-04-04 20:18:14');
INSERT INTO `sys_permission` VALUES ('305206896825077760', '0', 0, 'sys-test', '系统测试', NULL, 'fa fa-desktop', 61704, NULL, NULL, 2, 20000, '0', '1', '1', '0', 'admin', NULL, 'admin', NULL);
INSERT INTO `sys_permission` VALUES ('305206896871215104', '305206896825077760', 1, 'code-generator', '代码生成', NULL, 'fa fa-diamond', 61977, '/base/codeGenerator/index', NULL, 0, 20100, '0', '1', '1', '0', 'admin', NULL, 'admin', '2022-04-19 16:57:13');
INSERT INTO `sys_permission` VALUES ('305206896913158144', '305206896825077760', 1, 'Test-manage', '打印测试', NULL, 'fa fa-print', 61888, '/base/printTest/index', NULL, 0, 20200, '0', '1', '0', '0', 'admin', '2018-12-05 16:49:46', 'admin', '2022-04-18 16:04:23');
INSERT INTO `sys_permission` VALUES ('305206896959295488', '305206896825077760', 1, 'ueditor-test', '富文本编辑', NULL, 'fa fa-newspaper-o', 61930, '/ueditor.html', NULL, 0, 20300, '0', '1', '0', '0', 'admin', '2018-12-05 16:49:46', 'admin', '2022-04-21 10:48:48');
INSERT INTO `sys_permission` VALUES ('305206897005432832', '305206896825077760', 1, 'video-test', '视频流测试', NULL, 'fa fa-video-camera', 61501, '/video.html', NULL, 0, 20400, '0', '1', '0', '0', 'admin', '2018-12-05 16:49:46', 'admin', '2022-04-21 10:48:48');
INSERT INTO `sys_permission` VALUES ('305206940735246336', '0', 0, 'log-manager', '日志管理', NULL, 'fa fa-floppy-o', 61639, NULL, NULL, 2, 70000, '0', '1', '1', '0', 'admin', NULL, 'admin', NULL);
INSERT INTO `sys_permission` VALUES ('305206940781383680', '305206940735246336', 1, 'log-operate', '操作日志', NULL, 'fa fa-hand-o-down', 61607, '/system/log/operateIndex', NULL, 0, 70100, '0', '1', '1', '0', 'admin', NULL, 'admin', '2022-02-16 09:31:07');
INSERT INTO `sys_permission` VALUES ('305206940827521024', '305206940781383680', 2, 'operate_log_delete', '删除日志', 'btn_delete()', 'fa fa-trash-o', 61460, '/system/log/delete', NULL, 1, 70101, '0', '1', '0', '0', 'admin', '2022-03-25 10:18:55', 'admin', '2022-03-25 10:18:55');
INSERT INTO `sys_permission` VALUES ('305206940873658368', '305206940781383680', 2, 'operate_log_export', '导出日志', 'btn_export()', 'fa fa-download', 61465, '/system/log/export', NULL, 1, 70102, '0', '1', '1', '0', 'admin', '2022-04-02 13:31:26', 'admin', '2022-04-02 13:31:26');
INSERT INTO `sys_permission` VALUES ('305206940919795712', '305206940735246336', 1, 'log-running', '运行日志', NULL, 'fa fa-gears', 61573, '/system/log/runningIndex', NULL, 0, 70200, '0', '1', '1', '0', 'admin', NULL, 'admin', '2022-02-16 09:31:07');
INSERT INTO `sys_permission` VALUES ('305206940965933056', '305206940919795712', 2, 'running_log_delete', '删除日志', 'btn_delete()', 'fa fa-trash-o', 61460, '/system/log/delete', NULL, 1, 70201, '0', '1', '0', '0', 'admin', '2022-03-25 10:18:55', 'admin', '2022-03-25 10:18:55');
INSERT INTO `sys_permission` VALUES ('305206941012070400', '305206940919795712', 2, 'running_log_export', '导出日志', 'btn_export()', 'fa fa-download', 61465, '/system/log/export', NULL, 1, 70202, '0', '1', '1', '0', 'admin', '2022-04-02 13:31:26', 'admin', '2022-04-02 13:31:26');
INSERT INTO `sys_permission` VALUES ('305206941058207744', '305206940735246336', 1, 'log-error', '错误日志', NULL, 'fa fa-remove', 61453, '/system/log/errorIndex', NULL, 0, 70300, '0', '1', '1', '0', 'admin', NULL, 'admin', '2022-02-16 09:31:07');
INSERT INTO `sys_permission` VALUES ('305206941104345088', '305206941058207744', 2, 'error_log_delete', '删除日志', 'btn_delete()', 'fa fa-trash-o', 61460, '/system/log/delete', NULL, 1, 70301, '0', '1', '0', '0', 'admin', '2022-03-25 10:18:55', 'admin', '2022-03-25 10:18:55');
INSERT INTO `sys_permission` VALUES ('305206941150482432', '305206941058207744', 2, 'error_log_export', '导出日志', 'btn_export()', 'fa fa-download', 61465, '/system/log/export', NULL, 1, 70302, '0', '1', '1', '0', 'admin', '2022-04-02 13:31:26', 'admin', '2022-04-02 13:31:26');

-- ----------------------------
-- Table structure for sys_role
-- ----------------------------
DROP TABLE IF EXISTS `sys_role`;
CREATE TABLE `sys_role`  (
  `Id` varchar(20) CHARACTER SET utf8 COLLATE utf8_general_ci NOT NULL COMMENT '主键',
  `OrganizeId` varchar(20) CHARACTER SET utf8 COLLATE utf8_general_ci NULL DEFAULT NULL COMMENT '组织ID',
  `EnCode` varchar(50) CHARACTER SET utf8 COLLATE utf8_general_ci NULL DEFAULT NULL COMMENT '编号',
  `Type` smallint(6) NULL DEFAULT NULL COMMENT '分类：1-角色2-岗位',
  `Name` varchar(50) CHARACTER SET utf8 COLLATE utf8_general_ci NULL DEFAULT NULL COMMENT '名称',
  `AllowEdit` char(1) CHARACTER SET utf8 COLLATE utf8_general_ci NULL DEFAULT NULL COMMENT '是否可编辑',
  `DeleteMark` char(1) CHARACTER SET utf8 COLLATE utf8_general_ci NULL DEFAULT NULL COMMENT '删除标记',
  `IsEnabled` char(1) CHARACTER SET utf8 COLLATE utf8_general_ci NULL DEFAULT NULL COMMENT '是否启用',
  `Remark` varchar(500) CHARACTER SET utf8 COLLATE utf8_general_ci NULL DEFAULT NULL COMMENT '备注',
  `SortCode` int(11) NULL DEFAULT NULL COMMENT '排序码',
  `CreateUser` varchar(50) CHARACTER SET utf8 COLLATE utf8_general_ci NULL DEFAULT NULL COMMENT '创建人',
  `CreateTime` datetime(0) NULL DEFAULT NULL COMMENT '创建时间',
  `ModifyUser` varchar(50) CHARACTER SET utf8 COLLATE utf8_general_ci NULL DEFAULT NULL COMMENT '修改人',
  `ModifyTime` datetime(0) NULL DEFAULT NULL COMMENT '修改时间',
  PRIMARY KEY (`Id`) USING BTREE
) ENGINE = InnoDB CHARACTER SET = utf8 COLLATE = utf8_general_ci ROW_FORMAT = Dynamic;

-- ----------------------------
-- Records of sys_role
-- ----------------------------
INSERT INTO `sys_role` VALUES ('305206895419985920', '305215866176409600', 'administrators', 0, '超级管理员', '1', '0', '1', NULL, 1, 'admin', '2017-06-05 17:33:13', 'admin', '2022-04-22 13:39:09');
INSERT INTO `sys_role` VALUES ('305206925950324736', '305206919730171904', 'implement', 1, '实施人员', '1', '0', '0', NULL, 5, 'admin', '2017-06-05 17:33:13', 'admin', '2022-04-22 13:39:44');
INSERT INTO `sys_role` VALUES ('305206925992267776', '305215866176409600', 'developer', 0, '系统开发人员', '0', '0', '1', NULL, 3, 'admin', '2017-06-05 17:33:13', 'admin', '2022-04-22 13:39:37');

-- ----------------------------
-- Table structure for sys_roleauthorize
-- ----------------------------
DROP TABLE IF EXISTS `sys_roleauthorize`;
CREATE TABLE `sys_roleauthorize`  (
  `Id` varchar(20) CHARACTER SET utf8 COLLATE utf8_general_ci NOT NULL COMMENT '主键',
  `RoleId` varchar(20) CHARACTER SET utf8 COLLATE utf8_general_ci NULL DEFAULT NULL COMMENT '角色ID',
  `ModuleId` varchar(20) CHARACTER SET utf8 COLLATE utf8_general_ci NULL DEFAULT NULL COMMENT '模块ID',
  `CreateUser` varchar(50) CHARACTER SET utf8 COLLATE utf8_general_ci NULL DEFAULT NULL COMMENT '创建人',
  `CreateTime` datetime(0) NULL DEFAULT NULL COMMENT '创建时间',
  PRIMARY KEY (`Id`) USING BTREE
) ENGINE = InnoDB CHARACTER SET = utf8 COLLATE = utf8_general_ci ROW_FORMAT = Dynamic;

-- ----------------------------
-- Records of sys_roleauthorize
-- ----------------------------
INSERT INTO `sys_roleauthorize` VALUES ('305206897047375872', '305206895419985920', '305206895512260608', 'admin', '2017-04-04 21:10:58');
INSERT INTO `sys_roleauthorize` VALUES ('305206897093513216', '305206895419985920', '305206895554203648', 'admin', '2017-03-28 16:48:00');
INSERT INTO `sys_roleauthorize` VALUES ('305206897139650560', '305206895419985920', '305206895600340992', 'admin', '2017-03-28 16:48:00');
INSERT INTO `sys_roleauthorize` VALUES ('305206897185787904', '305206895419985920', '305206895646478336', 'admin', '2017-03-28 16:48:00');
INSERT INTO `sys_roleauthorize` VALUES ('305206897231925248', '305206895419985920', '305206895692615680', 'admin', '2017-04-02 09:48:33');
INSERT INTO `sys_roleauthorize` VALUES ('305206897278062592', '305206895419985920', '305206895734558720', 'admin', '2017-04-02 09:48:33');
INSERT INTO `sys_roleauthorize` VALUES ('305206897320005632', '305206895419985920', '305206895780696064', 'admin', '2017-04-04 21:10:58');
INSERT INTO `sys_roleauthorize` VALUES ('305206897366142976', '305206895419985920', '305206895822639104', 'admin', '2017-04-02 09:48:33');
INSERT INTO `sys_roleauthorize` VALUES ('305206897416474624', '305206895419985920', '305206895864582144', 'admin', '2017-04-04 21:10:58');
INSERT INTO `sys_roleauthorize` VALUES ('305206897458417664', '305206895419985920', '305206895910719488', 'admin', '2017-04-19 13:22:55');
INSERT INTO `sys_roleauthorize` VALUES ('305206897504555008', '305206895419985920', '305206895956856832', 'admin', '2017-04-03 15:34:36');
INSERT INTO `sys_roleauthorize` VALUES ('305206897550692352', '305206895419985920', '305206896002994176', 'admin', '2017-04-14 17:28:15');
INSERT INTO `sys_roleauthorize` VALUES ('305206897592635392', '305206895419985920', '305206896049131520', 'admin', '2017-04-02 09:48:33');
INSERT INTO `sys_roleauthorize` VALUES ('305206897634578432', '305206895419985920', '305206896095268864', 'admin', '2017-03-15 13:40:28');
INSERT INTO `sys_roleauthorize` VALUES ('305206897680715776', '305206895419985920', '305206896141406208', 'admin', '2017-03-28 16:48:00');
INSERT INTO `sys_roleauthorize` VALUES ('305206897726853120', '305206895419985920', '305206896183349248', 'admin', '2022-04-22 10:31:57');
INSERT INTO `sys_roleauthorize` VALUES ('305206897802350592', '305206895419985920', '305206895470317568', 'admin', '2022-04-22 10:31:57');
INSERT INTO `sys_roleauthorize` VALUES ('305210518677884928', '305206895419985920', '305206896229486592', 'admin', '2022-04-22 13:17:38');
INSERT INTO `sys_roleauthorize` VALUES ('305210518686273536', '305206895419985920', '305206896275623936', 'admin', '2022-04-22 13:17:38');
INSERT INTO `sys_roleauthorize` VALUES ('305210518686273537', '305206895419985920', '305206896321761280', 'admin', '2022-04-22 13:17:38');
INSERT INTO `sys_roleauthorize` VALUES ('305210518690467840', '305206895419985920', '305206896367898624', 'admin', '2022-04-22 13:17:38');
INSERT INTO `sys_roleauthorize` VALUES ('305210518690467841', '305206895419985920', '305206896414035968', 'admin', '2022-04-22 13:17:38');
INSERT INTO `sys_roleauthorize` VALUES ('305210518690467842', '305206895419985920', '305206896460173312', 'admin', '2022-04-22 13:17:38');
INSERT INTO `sys_roleauthorize` VALUES ('305210518690467843', '305206895419985920', '305206896506310656', 'admin', '2022-04-22 13:17:38');
INSERT INTO `sys_roleauthorize` VALUES ('305210518694662144', '305206895419985920', '305206896552448000', 'admin', '2022-04-22 13:17:38');
INSERT INTO `sys_roleauthorize` VALUES ('305210518694662145', '305206895419985920', '305206896598585344', 'admin', '2022-04-22 13:17:38');
INSERT INTO `sys_roleauthorize` VALUES ('305210518698856448', '305206895419985920', '305206896644722688', 'admin', '2022-04-22 13:17:38');
INSERT INTO `sys_roleauthorize` VALUES ('305210518698856449', '305206895419985920', '305206896690860032', 'admin', '2022-04-22 13:17:38');
INSERT INTO `sys_roleauthorize` VALUES ('305210518698856450', '305206895419985920', '305206896736997376', 'admin', '2022-04-22 13:17:38');
INSERT INTO `sys_roleauthorize` VALUES ('305210518698856451', '305206895419985920', '305206896778940416', 'admin', '2022-04-22 13:17:38');
INSERT INTO `sys_roleauthorize` VALUES ('305210518703050752', '305206895419985920', '305206896825077760', 'admin', '2022-04-22 13:17:38');
INSERT INTO `sys_roleauthorize` VALUES ('305210518703050753', '305206895419985920', '305206896871215104', 'admin', '2022-04-22 13:17:38');
INSERT INTO `sys_roleauthorize` VALUES ('305210518703050754', '305206895419985920', '305206896913158144', 'admin', '2022-04-22 13:17:38');
INSERT INTO `sys_roleauthorize` VALUES ('305210518703050755', '305206895419985920', '305206896959295488', 'admin', '2022-04-22 13:17:38');
INSERT INTO `sys_roleauthorize` VALUES ('305210518707245056', '305206895419985920', '305206897005432832', 'admin', '2022-04-22 13:17:38');
INSERT INTO `sys_roleauthorize` VALUES ('305216117813678080', '305206925992267776', '305206895470317568', 'admin', '2022-04-22 13:39:53');
INSERT INTO `sys_roleauthorize` VALUES ('305216117822066688', '305206925992267776', '305206895512260608', 'admin', '2022-04-22 13:39:53');
INSERT INTO `sys_roleauthorize` VALUES ('305216117826260992', '305206925992267776', '305206895554203648', 'admin', '2022-04-22 13:39:53');
INSERT INTO `sys_roleauthorize` VALUES ('305216117826260993', '305206925992267776', '305206895600340992', 'admin', '2022-04-22 13:39:53');
INSERT INTO `sys_roleauthorize` VALUES ('305216117826260994', '305206925992267776', '305206895646478336', 'admin', '2022-04-22 13:39:53');
INSERT INTO `sys_roleauthorize` VALUES ('305216117826260995', '305206925992267776', '305206895692615680', 'admin', '2022-04-22 13:39:53');
INSERT INTO `sys_roleauthorize` VALUES ('305216117830455296', '305206925992267776', '305206895734558720', 'admin', '2022-04-22 13:39:53');
INSERT INTO `sys_roleauthorize` VALUES ('305216117830455297', '305206925992267776', '305206895780696064', 'admin', '2022-04-22 13:39:53');
INSERT INTO `sys_roleauthorize` VALUES ('305216117830455298', '305206925992267776', '305206895822639104', 'admin', '2022-04-22 13:39:53');
INSERT INTO `sys_roleauthorize` VALUES ('305216117830455299', '305206925992267776', '305206895864582144', 'admin', '2022-04-22 13:39:53');
INSERT INTO `sys_roleauthorize` VALUES ('305216117834649600', '305206925992267776', '305206895910719488', 'admin', '2022-04-22 13:39:53');
INSERT INTO `sys_roleauthorize` VALUES ('305216117834649601', '305206925992267776', '305206895956856832', 'admin', '2022-04-22 13:39:53');
INSERT INTO `sys_roleauthorize` VALUES ('305216117834649602', '305206925992267776', '305206896002994176', 'admin', '2022-04-22 13:39:53');
INSERT INTO `sys_roleauthorize` VALUES ('305216117838843904', '305206925992267776', '305206896049131520', 'admin', '2022-04-22 13:39:53');
INSERT INTO `sys_roleauthorize` VALUES ('305216117838843905', '305206925992267776', '305206896095268864', 'admin', '2022-04-22 13:39:53');
INSERT INTO `sys_roleauthorize` VALUES ('305216117838843906', '305206925992267776', '305206896141406208', 'admin', '2022-04-22 13:39:53');
INSERT INTO `sys_roleauthorize` VALUES ('305216117838843907', '305206925992267776', '305206896183349248', 'admin', '2022-04-22 13:39:53');
INSERT INTO `sys_roleauthorize` VALUES ('305216117843038208', '305206925992267776', '305206896229486592', 'admin', '2022-04-22 13:39:53');
INSERT INTO `sys_roleauthorize` VALUES ('305216117843038209', '305206925992267776', '305206896275623936', 'admin', '2022-04-22 13:39:53');
INSERT INTO `sys_roleauthorize` VALUES ('305216117847232512', '305206925992267776', '305206896321761280', 'admin', '2022-04-22 13:39:53');
INSERT INTO `sys_roleauthorize` VALUES ('305216117847232513', '305206925992267776', '305206896367898624', 'admin', '2022-04-22 13:39:53');
INSERT INTO `sys_roleauthorize` VALUES ('305216117847232514', '305206925992267776', '305206896414035968', 'admin', '2022-04-22 13:39:53');
INSERT INTO `sys_roleauthorize` VALUES ('305216117851426816', '305206925992267776', '305206896460173312', 'admin', '2022-04-22 13:39:53');
INSERT INTO `sys_roleauthorize` VALUES ('305216117851426817', '305206925992267776', '305206896506310656', 'admin', '2022-04-22 13:39:53');
INSERT INTO `sys_roleauthorize` VALUES ('305216117851426818', '305206925992267776', '305206896552448000', 'admin', '2022-04-22 13:39:53');
INSERT INTO `sys_roleauthorize` VALUES ('305216117855621120', '305206925992267776', '305206896598585344', 'admin', '2022-04-22 13:39:53');
INSERT INTO `sys_roleauthorize` VALUES ('305216117855621121', '305206925992267776', '305206896644722688', 'admin', '2022-04-22 13:39:53');
INSERT INTO `sys_roleauthorize` VALUES ('305216117855621122', '305206925992267776', '305206896690860032', 'admin', '2022-04-22 13:39:53');
INSERT INTO `sys_roleauthorize` VALUES ('305216117855621123', '305206925992267776', '305206896736997376', 'admin', '2022-04-22 13:39:53');
INSERT INTO `sys_roleauthorize` VALUES ('305216117859815424', '305206925992267776', '305206896778940416', 'admin', '2022-04-22 13:39:53');
INSERT INTO `sys_roleauthorize` VALUES ('305216117859815425', '305206925992267776', '305206896825077760', 'admin', '2022-04-22 13:39:53');
INSERT INTO `sys_roleauthorize` VALUES ('305216117859815426', '305206925992267776', '305206896871215104', 'admin', '2022-04-22 13:39:53');
INSERT INTO `sys_roleauthorize` VALUES ('305216117859815427', '305206925992267776', '305206896913158144', 'admin', '2022-04-22 13:39:53');
INSERT INTO `sys_roleauthorize` VALUES ('305216117864009728', '305206925992267776', '305206896959295488', 'admin', '2022-04-22 13:39:53');
INSERT INTO `sys_roleauthorize` VALUES ('305216117864009729', '305206925992267776', '305206897005432832', 'admin', '2022-04-22 13:39:53');
INSERT INTO `sys_roleauthorize` VALUES ('305216184826073088', '305206925950324736', '305206895470317568', 'admin', '2022-04-22 13:40:09');
INSERT INTO `sys_roleauthorize` VALUES ('305216184830267392', '305206925950324736', '305206895512260608', 'admin', '2022-04-22 13:40:09');
INSERT INTO `sys_roleauthorize` VALUES ('305216184834461696', '305206925950324736', '305206895554203648', 'admin', '2022-04-22 13:40:09');
INSERT INTO `sys_roleauthorize` VALUES ('305216184834461697', '305206925950324736', '305206895600340992', 'admin', '2022-04-22 13:40:09');
INSERT INTO `sys_roleauthorize` VALUES ('305216184834461698', '305206925950324736', '305206895646478336', 'admin', '2022-04-22 13:40:09');
INSERT INTO `sys_roleauthorize` VALUES ('305216184838656000', '305206925950324736', '305206895692615680', 'admin', '2022-04-22 13:40:09');
INSERT INTO `sys_roleauthorize` VALUES ('305216184838656001', '305206925950324736', '305206896229486592', 'admin', '2022-04-22 13:40:09');
INSERT INTO `sys_roleauthorize` VALUES ('305216184838656002', '305206925950324736', '305206896275623936', 'admin', '2022-04-22 13:40:09');
INSERT INTO `sys_roleauthorize` VALUES ('305216184842850304', '305206925950324736', '305206896321761280', 'admin', '2022-04-22 13:40:09');
INSERT INTO `sys_roleauthorize` VALUES ('305216184842850305', '305206925950324736', '305206896367898624', 'admin', '2022-04-22 13:40:09');
INSERT INTO `sys_roleauthorize` VALUES ('305216184842850306', '305206925950324736', '305206896414035968', 'admin', '2022-04-22 13:40:09');
INSERT INTO `sys_roleauthorize` VALUES ('305216184842850307', '305206925950324736', '305206896460173312', 'admin', '2022-04-22 13:40:09');
INSERT INTO `sys_roleauthorize` VALUES ('305216184847044608', '305206925950324736', '305206896506310656', 'admin', '2022-04-22 13:40:09');
INSERT INTO `sys_roleauthorize` VALUES ('305216184847044609', '305206925950324736', '305206896552448000', 'admin', '2022-04-22 13:40:09');
INSERT INTO `sys_roleauthorize` VALUES ('305216184855433216', '305206925950324736', '305206896598585344', 'admin', '2022-04-22 13:40:09');
INSERT INTO `sys_roleauthorize` VALUES ('305216184855433217', '305206925950324736', '305206896644722688', 'admin', '2022-04-22 13:40:09');
INSERT INTO `sys_roleauthorize` VALUES ('305216184855433218', '305206925950324736', '305206896690860032', 'admin', '2022-04-22 13:40:09');
INSERT INTO `sys_roleauthorize` VALUES ('305216184859627520', '305206925950324736', '305206896736997376', 'admin', '2022-04-22 13:40:09');
INSERT INTO `sys_roleauthorize` VALUES ('305216184859627521', '305206925950324736', '305206896778940416', 'admin', '2022-04-22 13:40:09');
INSERT INTO `sys_roleauthorize` VALUES ('305216202131771392', '305206925950324736', '305206896825077760', 'admin', '2022-04-22 13:40:13');
INSERT INTO `sys_roleauthorize` VALUES ('305216202131771393', '305206925950324736', '305206896871215104', 'admin', '2022-04-22 13:40:13');
INSERT INTO `sys_roleauthorize` VALUES ('305216202131771394', '305206925950324736', '305206896913158144', 'admin', '2022-04-22 13:40:13');
INSERT INTO `sys_roleauthorize` VALUES ('305216202135965696', '305206925950324736', '305206896959295488', 'admin', '2022-04-22 13:40:13');
INSERT INTO `sys_roleauthorize` VALUES ('305216202135965697', '305206925950324736', '305206897005432832', 'admin', '2022-04-22 13:40:13');

-- ----------------------------
-- Table structure for sys_user
-- ----------------------------
DROP TABLE IF EXISTS `sys_user`;
CREATE TABLE `sys_user`  (
  `Id` varchar(20) CHARACTER SET utf8 COLLATE utf8_general_ci NOT NULL COMMENT '主键',
  `Account` varchar(50) CHARACTER SET utf8 COLLATE utf8_general_ci NULL DEFAULT NULL COMMENT '账户',
  `RealName` varchar(50) CHARACTER SET utf8 COLLATE utf8_general_ci NULL DEFAULT NULL COMMENT '真实姓名',
  `NickName` varchar(50) CHARACTER SET utf8 COLLATE utf8_general_ci NULL DEFAULT NULL COMMENT '昵称',
  `Avatar` varchar(200) CHARACTER SET utf8 COLLATE utf8_general_ci NULL DEFAULT NULL COMMENT '头像',
  `Gender` char(1) CHARACTER SET utf8 COLLATE utf8_general_ci NULL DEFAULT NULL COMMENT '性别',
  `Birthday` datetime(0) NULL DEFAULT NULL COMMENT '生日',
  `MobilePhone` varchar(20) CHARACTER SET utf8 COLLATE utf8_general_ci NULL DEFAULT NULL COMMENT '手机',
  `Email` varchar(50) CHARACTER SET utf8 COLLATE utf8_general_ci NULL DEFAULT NULL COMMENT '邮箱',
  `Signature` varchar(500) CHARACTER SET utf8 COLLATE utf8_general_ci NULL DEFAULT NULL COMMENT '签名',
  `Address` varchar(500) CHARACTER SET utf8 COLLATE utf8_general_ci NULL DEFAULT NULL COMMENT '地址',
  `CompanyId` varchar(50) CHARACTER SET utf8 COLLATE utf8_general_ci NULL DEFAULT NULL COMMENT '领导ID',
  `DepartmentId` varchar(50) CHARACTER SET utf8 COLLATE utf8_general_ci NULL DEFAULT NULL COMMENT '组织ID',
  `IsEnabled` char(1) CHARACTER SET utf8 COLLATE utf8_general_ci NULL DEFAULT NULL COMMENT '是否启用',
  `SortCode` int(11) NULL DEFAULT NULL COMMENT '排序码',
  `DeleteMark` char(1) CHARACTER SET utf8 COLLATE utf8_general_ci NULL DEFAULT NULL COMMENT '删除标记',
  `CreateUser` varchar(50) CHARACTER SET utf8 COLLATE utf8_general_ci NULL DEFAULT NULL COMMENT '创建人',
  `CreateTime` datetime(0) NULL DEFAULT NULL COMMENT '创建时间',
  `ModifyUser` varchar(50) CHARACTER SET utf8 COLLATE utf8_general_ci NULL DEFAULT NULL COMMENT '修改人',
  `ModifyTime` datetime(0) NULL DEFAULT NULL COMMENT '修改时间',
  PRIMARY KEY (`Id`) USING BTREE
) ENGINE = InnoDB CHARACTER SET = utf8 COLLATE = utf8_general_ci ROW_FORMAT = Dynamic;

-- ----------------------------
-- Records of sys_user
-- ----------------------------
INSERT INTO `sys_user` VALUES ('305206895285768192', 'admin', '周某人', '周某人', '/Uploads/Avatar/c1e9d6a1-83d5-485a-b1dd-5118394c2c1f.png', '1', '1991-07-22 00:00:00', '18800000000', '656000000@qq.com', '狗咬人，人还会去咬狗吗？', '苏州某条不出名的街道', NULL, '305215866176409600', '1', 1, '0', 'admin', '2017-03-22 10:58:43', 'admin', '2022-04-22 13:42:28');

-- ----------------------------
-- Table structure for sys_userlogon
-- ----------------------------
DROP TABLE IF EXISTS `sys_userlogon`;
CREATE TABLE `sys_userlogon`  (
  `Id` varchar(20) CHARACTER SET utf8 COLLATE utf8_general_ci NOT NULL,
  `UserId` varchar(20) CHARACTER SET utf8 COLLATE utf8_general_ci NULL DEFAULT NULL,
  `Password` varchar(50) CHARACTER SET utf8 COLLATE utf8_general_ci NULL DEFAULT NULL,
  `SecretKey` varchar(50) CHARACTER SET utf8 COLLATE utf8_general_ci NULL DEFAULT NULL,
  `PrevVisitTime` datetime(0) NULL DEFAULT NULL,
  `LastVisitTime` datetime(0) NULL DEFAULT NULL,
  `ChangePwdTime` datetime(0) NULL DEFAULT NULL,
  `LoginCount` int(11) NOT NULL DEFAULT 0,
  `AllowMultiUserOnline` char(1) CHARACTER SET utf8 COLLATE utf8_general_ci NULL DEFAULT NULL,
  `IsOnLine` char(1) CHARACTER SET utf8 COLLATE utf8_general_ci NULL DEFAULT NULL,
  `Question` varchar(100) CHARACTER SET utf8 COLLATE utf8_general_ci NULL DEFAULT NULL,
  `AnswerQuestion` varchar(200) CHARACTER SET utf8 COLLATE utf8_general_ci NULL DEFAULT NULL,
  `CheckIPAddress` char(1) CHARACTER SET utf8 COLLATE utf8_general_ci NULL DEFAULT NULL,
  `Language` varchar(50) CHARACTER SET utf8 COLLATE utf8_general_ci NULL DEFAULT NULL,
  `Theme` varchar(50) CHARACTER SET utf8 COLLATE utf8_general_ci NULL DEFAULT NULL,
  PRIMARY KEY (`Id`) USING BTREE
) ENGINE = InnoDB CHARACTER SET = utf8 COLLATE = utf8_general_ci ROW_FORMAT = Dynamic;

-- ----------------------------
-- Records of sys_userlogon
-- ----------------------------
INSERT INTO `sys_userlogon` VALUES ('305206895331905536', '305206895285768192', '620fbd6bcbd32cb90dcab73d37706c15', 'juhgtdjc', '2022-04-22 13:36:04', '2022-04-22 13:36:04', '2017-09-14 13:34:10', 1198, '1', '1', 'lovecoding?', 'no', '1', NULL, NULL);

-- ----------------------------
-- Table structure for sys_userrolerelation
-- ----------------------------
DROP TABLE IF EXISTS `sys_userrolerelation`;
CREATE TABLE `sys_userrolerelation`  (
  `Id` varchar(20) CHARACTER SET utf8 COLLATE utf8_general_ci NOT NULL,
  `UserId` varchar(20) CHARACTER SET utf8 COLLATE utf8_general_ci NULL DEFAULT NULL,
  `RoleId` varchar(20) CHARACTER SET utf8 COLLATE utf8_general_ci NULL DEFAULT NULL,
  `CreateUser` varchar(50) CHARACTER SET utf8 COLLATE utf8_general_ci NULL DEFAULT NULL,
  `CreateTime` datetime(0) NULL DEFAULT NULL,
  PRIMARY KEY (`Id`) USING BTREE
) ENGINE = InnoDB CHARACTER SET = utf8 COLLATE = utf8_general_ci ROW_FORMAT = Dynamic;

-- ----------------------------
-- Records of sys_userrolerelation
-- ----------------------------
INSERT INTO `sys_userrolerelation` VALUES ('305216767716888576', '305206895285768192', '305206895419985920', 'admin', '2022-04-22 13:42:28');

SET FOREIGN_KEY_CHECKS = 1;
